sheet,_excel_row,hour,travel_time_raw,travel_time_min_candidate,distance_raw,distance_km_candidate,tti_provided,tti_recalculated_candidate
Table 5. Monday,331,2,6.933,6.933,1339.0,1.339,5.38302277432712,2.2731147540983607
Table 5. Monday,431,2,2.167,2.167,2173.0,2.173,0.997085442552538,1.0
Table 5. Monday,431,3,2.167,2.167,2173.0,2.173,0.997085442552538,1.0
Table 5. Monday,431,4,2.167,2.167,2173.0,2.173,0.997085442552538,1.0
Table 5. Monday,431,5,2.167,2.167,2173.0,2.173,0.997085442552538,1.0
Table 5. Monday,431,7,2.167,2.167,2173.0,2.173,0.997085442552538,1.0
Table 5. Monday,161,8,16.0,16.0,2966.0,2.966,5.39447066756574,2.926650813974758
Table 5. Monday,297,8,6.0,6.0,1038.0,1.038,5.78034682080924,3.4622042700519327
Table 6. Tuesday,13,0,10283.0,10.283,9954.0,9.954,1.03308552675641,1.067476383265857
Table 6. Tuesday,14,0,11983.0,11.983,9098.0,9.098,1.31713929801421,1.03596438142993
Table 6. Tuesday,16,0,15017.0,15.017,11574.0,11.574,1.29744830366914,1.0650354609929078
Table 6. Tuesday,17,0,10933.0,10.933,9954.0,9.954,1.09838590851249,1.056328502415459
Table 6. Tuesday,18,0,11433.0,11.433,6874.0,6.874,1.66327223353699,1.0088237889349687
Table 6. Tuesday,20,0,15317.0,15.317,11257.0,11.257,1.36063486423262,1.0291607874756434
Table 6. Tuesday,21,0,12183.0,12.183,9745.0,9.745,1.25021378484693,1.0442273077912059
Table 6. Tuesday,22,0,10167.0,10.167,6527.0,6.527,1.55763239875389,1.0702105263157895
Table 7. Wednesday,13,0,10433.0,10.433,9954.0,9.954,1.0481548456232,1.0830478563272086
Table 7. Wednesday,15,0,10917.0,10.917,8818.0,8.818,1.23799803432373,1.0881092395096184
Table 7. Wednesday,16,0,14967.0,14.967,11574.0,11.574,1.29312827602096,1.0614893617021277
Table 7. Wednesday,18,0,12067.0,12.067,6874.0,6.874,1.75540684705654,1.06476661078267
Table 7. Wednesday,19,0,7333.0,7.333,4912.0,4.912,1.4929424538545,1.052533371609014
Table 7. Wednesday,21,0,11767.0,11.767,9745.0,9.745,1.20745681546092,1.0085711836804663
Table 7. Wednesday,23,0,3933.0,3.933,2474.0,2.474,1.58986796011856,1.0535762121618002
Table 7. Wednesday,29,0,14817.0,14.817,11328.0,11.328,1.30796845574387,1.0570735535421274
Table. 8 Thursday,13,0,10617.0,10.617,9954.0,9.954,1.06657290201594,1.1021488632824668
Table. 8 Thursday,14,0,12767.0,12.767,9098.0,9.098,1.40323880706382,1.1037434079709518
Table. 8 Thursday,15,0,11167.0,11.167,8818.0,8.818,1.26634913434641,1.1130270108641485
Table. 8 Thursday,16,0,15167.0,15.167,11574.0,11.574,1.31040838661367,1.0756737588652483
Table. 8 Thursday,17,0,10933.0,10.933,9954.0,9.954,1.09838590851249,1.056328502415459
Table. 8 Thursday,19,0,6967.0,6.967,4912.0,4.912,1.41829533116178,1.0
Table. 8 Thursday,20,0,15067.0,15.067,11257.0,11.257,1.33842646057268,1.0123630988376
Table. 8 Thursday,21,0,11833.0,11.833,9745.0,9.745,1.21429793056268,1.0142281649095741
Table. 9 Friday,13,0,10417.0,10.417,9954.0,9.954,1.04648047686022,1.0813868992006646
Table. 9 Friday,14,0,12233.0,12.233,9098.0,9.098,1.34461786473217,1.0575775914238783
Table. 9 Friday,17,0,10883.0,10.883,9954.0,9.954,1.09336280222356,1.0514975845410628
Table. 9 Friday,18,0,11583.0,11.583,6874.0,6.874,1.68509358937057,1.0220594723374217
Table. 9 Friday,19,0,7367.0,7.367,4912.0,4.912,1.49972855591748,1.0574135208841682
Table. 9 Friday,20,0,15133.0,15.133,11257.0,11.257,1.34434870154866,1.0167976886380434
Table. 9 Friday,21,0,12117.0,12.117,9745.0,9.745,1.24337266974516,1.0385703265620982
Table. 9 Friday,23,0,3883.0,3.883,2474.0,2.474,1.56965777418485,1.04018215912135
Table. 10 Saturday,13,0,10333.0,10.333,9954.0,9.954,1.03810863304534,1.0726668742863077
Table. 10 Saturday,14,0,12283.0,12.283,9098.0,9.098,1.35011357807576,1.061900233422668
Table. 10 Saturday,15,0,10567.0,10.567,8818.0,8.818,1.19830649429197,1.0532243596132762
Table. 10 Saturday,16,0,14933.0,14.933,11574.0,11.574,1.29024825758884,1.0590780141843972
Table. 10 Saturday,17,0,10667.0,10.667,9954.0,9.954,1.07159600830486,1.0306280193236714
Table. 10 Saturday,18,0,11983.0,11.983,6874.0,6.874,1.74328387159344,1.0573546280772965
Table. 10 Saturday,22,0,9783.0,9.783,6527.0,6.527,1.49890199683366,1.0297894736842104
Table. 10 Saturday,24,0,8367.0,8.367,5569.0,5.569,1.50236427844616,1.0481022172115748
Table. 11 Sunday,13,0,10783.0,10.783,9954.0,9.954,1.0833165896457,1.1193812934703624
Table. 11 Sunday,15,0,10783.0,10.783,8818.0,8.818,1.22287744764496,1.07475331406359
Table. 11 Sunday,16,0,15417.0,15.417,11574.0,11.574,1.33200852485455,1.093404255319149
Table. 11 Sunday,22,0,10033.0,10.033,6527.0,6.527,1.53720443286859,1.0561052631578947
Table. 11 Sunday,23,0,4117.0,4.117,2474.0,2.474,1.66397197520883,1.1028663273506563
Table. 11 Sunday,24,0,8583.0,8.583,5569.0,5.569,1.54127012629436,1.0751597143930853
Table. 11 Sunday,25,0,10267.0,10.267,8643.0,8.643,1.18785915384318,1.0620668252818868
Table. 11 Sunday,27,0,6933.0,6.933,2854.0,2.854,2.42933893950011,1.1365573770491804
