hour,max_tti_provided,max_tti_recalculated,mean_absolute_delta
0,4.84911913483342,2.871642832228811,1.0660364749993883
1,5.12884872824631,2.877572375305197,1.0730754712896042
2,5.38302277432712,2.877572375305197,1.1003688617753429
3,5.05354752342704,2.877572375305197,1.1160481973289818
4,5.29572484731597,2.877572375305197,1.1300040907973121
5,5.11089681774349,2.877572375305197,1.1236606337097177
6,5.11089681774349,2.877572375305197,1.1231587502474136
7,5.10204081632653,2.877572375305197,1.1068571148476931
8,7.09570957095709,3.721869590305828,1.133420494078579
9,5.25866276232308,3.7507212925562605,1.1132455678932025
10,7.68858800773694,3.6765113059529306,1.1288171666479125
11,6.64675130694548,3.558139534883721,1.1378378264303928
12,6.0204081632653,3.4122179416620804,1.1676038926780519
13,7.59473346178548,4.548759376803231,1.1565623640252527
14,6.07584328514561,4.496279069767442,1.129452595078102
15,6.74827369742624,4.135603000577034,1.127382623637075
16,6.13530539578197,3.270696452036794,1.1672086940751905
17,7.61812921890067,3.9900935608145294,1.1748835127046184
18,7.40225622005872,4.068241469816273,1.2195191489221653
19,5.99165718619643,4.158902361199745,1.1900175855755273
20,5.4323368691739,3.1533546325878588,1.1302237816424807
21,4.87528344671201,2.796302755493547,1.0795609858851283
22,4.63108320251177,2.8542029996512035,1.0592131333288621
23,5.06679700228087,2.8601325427275897,1.0598978390901574
